review_id,review_text,rating,date,thumbs_up_count
0055f119-ee65-480b-bb25-4661de4d5417,"Instahelp is absolutely useless for working professionals. No slots available at 7am to 9am. Slots mostly available only after 9am, which is very late Short duration slots not available Also booking can be done only for 1 day in advance, which is again a headache. Other apps provide way more flexibility",1,2026-07-28 03:28:57,0
00e1a35e-d25c-442a-b957-2a3414b1df57,Poor experience ac serviceman damaged my 2 ac during service horror experience,1,2026-07-28 02:02:57,0
ea361638-ec85-4baa-88f3-a38ab17d6074,"Urban Company, 5 Stars, Excellent staff, Quality work, Well behaved & well trained. Never get greedy like other businesses to increase your profit margin %. Be affordable + Be approachable = Be in Business. Continue with the good work that your entire team is doing. Best regards, Happy regular customer",5,2026-07-28 00:21:09,0
71a13cee-ce90-4c1c-9baf-24149a75c87e,Kainat Sayyed great service and polite behaviour... all work done by prefecation...,5,2026-07-28 00:01:45,0
387f43c6-1d1b-4852-85d2-c22f3730ac1b,excellent app care for customer like this good Job 👍 your maid has been able to make All the task 6of all the work very clean behaviour is very good,5,2026-07-27 23:55:54,0
0fc6e332-ba92-4ec3-9e60-186656c1e146,bakwas service hai inki house made kaam bekar karti hai aur attitude itna hota hai jaise koi celebrity ho aur helpline par complaint karne ka bhi koi response nhi milta don't use this app.,1,2026-07-27 23:05:28,0
892c2b0c-fd69-4e11-9dfa-ec2e2aa09f89,the worst app I've ever used apart from partener assigning issue they also show wrong price and when come ask some other price which in turn lead to more clashes with manager and other ppl. conclusion is it's the worst app and scamming ppl. all I can say is pathetic,1,2026-07-27 22:55:31,0
728a6fd8-fba4-437b-85d6-3cba63018e2c,Kitana wait karege sab jagah toh apani service di hue hai Dhampur Distt Bijnor Moradabad division kya dikkat hai yeh batao bijnor tak service hai ya tum log froud ho iska matlab,1,2026-07-27 22:39:56,0
0cc4adab-ac63-4d62-a1af-d92e2953069e,The worst service is that they hire an inexperienced technician they don't know after washing AC dont switch on the ac within half an hour because of that our AC pcb board is broken,1,2026-07-27 21:59:09,0
4a76762e-89eb-413a-b6f3-a10290fe3ee1,Not better Than Snabbit. Snabbit persons are very punctual and more professional. They also do the choras work very fast.. once booked they reach to your location within 10 minutes. Urban is not even capable to meet this kind of service quality. taking whole long day to book 1 person & that too not sure if they are gonna reach to your home. doubtful and slow. this app ask for scheduled prior booking.,2,2026-07-27 21:41:53,0
3060c823-a57a-4416-9949-8f14c21e6104,"They don't seem to have any control over behaviour of maids. in spite of repeated to pull up a maid for bad behaviour, no action has been taken so far.",2,2026-07-27 21:23:44,0
b9d282e1-962d-4660-9b42-eb580248e19a,"They leave the customer high and dry , to deal with their own issue if you buy their product like water purifier. They are not able to manage professional for servicing in 5-6 days and keeps rescheduling daily , irritating the customers.",1,2026-07-27 21:11:42,0
b29b3345-51a3-4434-922c-d115127f3277,"There is a bug in this app. it keeps going in a loop and norifying again and again for insta maid rating. Quite frustrating also, the app gets you to give 5 star rating by default ... otherwise you keep getting annoying notifications. please fix",3,2026-07-27 21:02:37,0
bb4c2366-94b7-4118-ac56-787864a9a5e7,outstanding product,5,2026-07-27 20:31:53,0
366a04fc-dad3-413c-bcd5-f0a5ca4a3fad,"bad service by fridge repair technician. technician from urban came changed parts, and said fridge would work properly and cooling would take 6 to 6 hours. even after 24 hours, the food in the freezer is still not frozen.",1,2026-07-27 20:11:53,0
75ca3f1b-fa4a-4d34-9f9b-4e9dcdfbd51e,so many times slots not available.... that's why I'm giving 3 star's..,3,2026-07-27 19:34:22,0
74a99929-2372-48df-a9e2-bb5633571a13,third calssss company farud by money charges the person who came to visit they say different and app show different in total visitor person ask more money worst service,1,2026-07-27 19:33:36,0
3e392fbf-efe1-4c90-b846-bf3cbeabb7b0,Excellent work from UC,5,2026-07-27 19:30:37,0
ab675e7d-2ef7-4b48-8f6e-0a2ff304e8b8,so good very helpful thank to urban company please provide professional worker's namaste,5,2026-07-27 19:04:33,0
3798c951-e86e-4209-9740-a39b9b039c9c,cancellation Charges are unnecessary burden on the client.... don't use it,2,2026-07-27 18:12:14,0
b6f8d955-ba84-4b07-9838-18fcec090952,excellent service,5,2026-07-27 18:11:55,0
bccdd51c-c22b-430b-b789-63f353d49caf,"main house help mostly leti rahti hu. lakin mujhe samjh nhi aata, Urban Company ka, Agar main inki house help (helper) jo aati hai, usko repeat karti hu , to yeh log Rs.(9/29)extra charge kyun lagate hai. Repeat karne ka matlab yeh nhi hota, unko heere/moti lag gye hai. hum unko repeat iss liye karte hai, 1baar kaam kar k samjh aa jata hai (humhe unse kaise aur kya kaam karwana hai). Daily agr hum new Helper bulate hai, to unko daily phle to samjhate raho, kya kaam karna hai,remove extra charges",2,2026-07-27 18:11:05,0
08504e24-5b81-48d1-9be2-2baab92b1779,Best service. Just synchronise the pre-approval with the assigned professional. Keep him or her in the loop.,5,2026-07-27 17:35:55,0
a5de267e-70a2-47db-9180-5ca6144b9b81,pathetic app.. 0 support! can't claim warrant.. dates itself are disabled,1,2026-07-27 16:44:32,0
068dcbca-1883-4b65-9a45-6b96dc80d378,unable to claim my account warranty. and there is no support system only an ai chatbot,1,2026-07-27 16:38:11,0
40732201-a6c5-4ed1-832e-59e825cc0caa,it's better if you find someone in local for service. The app shows 99 and the bill comes around 400 something. and visiting charge 100 etc etc and sometimes they don't even do the work properly and says that is different you have not choosed it. it's not worth.,1,2026-07-27 15:50:24,0
85470a09-bb86-49da-813c-eecc373e8da8,"Nice service , quick On time.",5,2026-07-27 15:41:24,0
13ace872-6c8c-44b1-b892-03e10a37f7f0,thank for best service,5,2026-07-27 15:35:29,0
476b7fea-69e0-4477-b308-a236a3721922,"urban insta help - very poor service. taking advance money for package, than service does not provide. last minute cancelled services 3 rd time in one month.",1,2026-07-27 15:35:00,0
42297769-40b7-4027-bcea-b1252a786899,"good , you will reduce the headache",5,2026-07-27 15:18:05,0
16fb441f-af9c-4026-9c3e-af16c145d34d,worst service ever. people loot you for basic work. costs 3 times more than local service provider.,1,2026-07-27 15:09:11,0
d7eeac66-52c3-411f-84fa-3d2c38a58810,"Urban Company's service is very bad, I don't like it, and I don't want to book again. If you'd like, let me know:What specific issue you faced during the serviceIf you want help finding an alternative local serviceI can help you share feedback or find a better option. AI responses may include mistakes.",1,2026-07-27 14:36:20,0
375f1900-2464-4811-9528-242a986d41b9,Worst Insta Help service . Booked a service and the same maid gets it and she refuses to come. and UC doesn't refund and forces to use the amount before a particular date and for the same service which is not provided by them only. And the Bot doesn't seem to understand and humans are not available to respond. so dont waste money,1,2026-07-27 14:31:34,0
5644d90e-3644-4cee-b677-d45fc236c83b,Urban Company has become a Chor Company now. They have stopped addressing any shortcomings in their services,1,2026-07-27 14:19:53,0
48598ba3-c83b-461f-815f-4cf053e2cbbf,Thorough Professionals,5,2026-07-27 14:15:27,0
a23bd74b-3d5e-4569-bac0-2a4fe943b4ff,"Horrible. Not only do their service providers cancel bookings at the last minute and misbehave with customers, these people try to force you to accept the same service provider in the future as well even when complaints and requests for blacklisting that professional are raised with them. And God help you if you get a customer care executive called Juhi Sharma on the helpline. She will blame the customer for the bad service provided instead of taking corrective action",1,2026-07-27 13:55:58,1
640f5dce-92d8-4d04-9b53-c6303036a9c6,acction process little slow,4,2026-07-27 13:54:10,0
2b966e56-360c-4a3f-a4b9-6738315c1b42,"the service promises, failure in meetings... app always saying slot not available poor response in the customer service.. needs improvement",2,2026-07-27 13:27:29,0
384418a8-ee0c-4d47-b03e-2d36044ac9c1,very helpful & nice 👍,5,2026-07-27 13:16:11,0
f14b0114-0b23-4326-a459-0dbb9c71f9a2,really helps lot off for me.. quick n higine work. super. thank UC,5,2026-07-27 12:40:23,0
79a8ffc6-8700-4a73-951d-7a515ae2c0f4,worst app in case of customer care. They don't have any customer support calling. they charge and the professional also ghosts you. They cancel the booking on their own and charge 200 without any notice. This is very irritating and disgusting. I am fed up with this app. Have given this rating and description so that no one installs this app and gets irritated.,1,2026-07-27 12:32:12,0
e96a5bba-6d40-45dd-8fc1-d9a9fd58f9f4,my first experience was my last experience it was pathetic go and local technician they are good also I will never ever anyone recommended this kind of application to use any services as per customer technicians whatever they called what kind of their kind of service they are provide in one word pathetic pathetic pathetic pathetic pathetic pure pathetic please do not any kind of service this type of app the wasting time,1,2026-07-27 11:59:39,0
3d695f99-0ee7-4c1e-8a81-4faf4cc1a75b,ac ka cooling ke liye gas refill book kiya tha uc se pr ab tk 4 baar gass dalwa chuka hu or jitne baar agent aata hai warranty me hai or kuch paisa lekar gass dalata hai or fir kuch din baad same prblm hota hai abhi last 2 june ko gas refill kiya tha abhi fir se whi problem ho tha hai or jb warranty claim ke liye revist book kr rhe hai to claim me booking bhi nhi le rha hai ye bahut bekar experience hai koi bhi uc se mt book kro ek to isme payment krne ke baad call customer support nhi hai.,1,2026-07-27 11:56:02,0
05d6a862-4f25-492c-a162-346bae77e319,very Efficient and Excellent service,5,2026-07-27 11:48:00,0
13976225-8609-449a-b9e5-add41d90d66e,Very neat and clean service. Excellent service and very hard working,5,2026-07-27 11:41:09,0
0ed14070-0ec7-4dfa-85e5-4c76835f5e5c,"Useless InstaHelp service. Worker denied to work and when I try to cancel it, it charge 90% as cancellation charges. n No dedicated help and totally useless. Don't jump into this holy trap.",1,2026-07-27 11:25:32,0
c26488fa-7d23-4566-aca8-1db6ce3b13c6,proffessionals are uesless.. they say no work and their customer service also support them i have already sent mail. received no reply even after 24 hrs..,1,2026-07-27 11:15:46,0
372cfc16-eb51-4833-a903-a3a86df25a7e,Worst app. Amount got deducted twice but plumber service didn't get booked. Pay by cash as well is not available.,1,2026-07-27 10:21:52,0
5beb4545-90aa-4784-ab5d-3d6a6c756fc7,Why did you replace humans with AI chatbot for support. Your AI chatbot apologizes without giving a resolution for the problem and refuses to connect to a human agent. Whose idea was this?,2,2026-07-27 10:14:33,0
e1ad2f09-6ccc-4106-8b10-4e0e55b4941b,price changed after accepting,1,2026-07-27 10:13:33,0
2aa9c1a4-c72c-4e41-a63c-e33bad6e22a9,Poor Support from the Company after Carpenter backed out yesterday.. No Replacement for the Carpenter yet.. 😡😡😡,1,2026-07-27 09:56:16,0
8323b673-68a4-4b1e-a8c6-fb2956138e95,"Lost my spectacles! Lost my trust! Cleaner, Cassidy, threw my spectacles during an UC cleaning service. Instead of accountability, I was met with repeated avoidance, unanswered questions and a refusal to provide a proper explanation. A company trusted to enter customers' homes should be transparent and responsible when things go wrong. Urban Company failed on every count! Think twice before trusting them with your home. Don't get scammed unless you're very free to deal with CS in India.",1,2026-07-27 09:49:53,0
8913c69f-68e4-4816-9c97-d54c7e91f726,"Insta help just took my patience to the edge 3 booking all 3 delayed by more than 30 min. i rescheduled to get it earlier, it says 1p min but gets delayed again by 45 min. Would not recommend Urban company for their insta help",1,2026-07-27 09:34:27,0
f16560e0-b063-47c5-826d-293ee6906be7,"Wall Panels red dot, cheap tactics. Most of the carpenters are unprofessional, had language problems with them, they wont speak english. Prices are too costly for small works as well.",1,2026-07-27 09:12:55,0
059a09bb-d1cf-4054-b7fe-6d8c01baee3c,"problem in slot booking day & time,solve u r problem.",5,2026-07-27 09:04:44,0
980ee74b-7ff3-4627-ac99-d53c4c8535ec,urban company partners ko bahut kam rate me kaam karvati hai partners ki kamai bahut kam hai,1,2026-07-27 06:42:24,0
214168de-4b3a-43f1-9e75-1174018f9739,It shows location is available but not showing any available slots,1,2026-07-27 02:29:50,0
739de4b9-cae6-428d-abf8-38034dcbd648,nothing in House help work service,1,2026-07-27 01:02:57,0
ac3901ed-0297-4b17-8b91-cc212e36cb7f,The app has an inherent flaw. It doesn't permit a second claim on the warranty. I booked a service for the split AC unit. It was that the refrigerant had leaked and we got the issue fixed. Then the same issue came up again. It was covered under the 90 day warranty period so I booked a service request again. The 2nd time they found that the same issue of refrigerant leak had persisted after the first technician had fixed it but the app's not allowing me to book another revisit.,3,2026-07-27 00:52:10,0
d4b0e4f9-f847-4562-b94c-00a1afbc5277,"What I didn't like is that if you want to book a partner you've previously rated 5 stars, you're charged a higher price. Also, once I chose the ""Best Available"" option because I didn't want a particular partner again, but the app assigned me the same person I had intentionally avoided. On top of that, my preferred 8:00 a.m. time slot wasn't available under ""Best Available,"" so I had to book the more expensive option. Pricing and partner allocation needs to be much more transparent.",3,2026-07-27 00:00:25,0
0f772e7f-cc7a-466d-9f56-84bc64cbedfc,bohut he bekar service hai..maine 31st May ko AC repair kraya tha aur without any information provide by Urban Company warrantee was only for 1 month I paid for repair and service rs.3817 which is too high and again leakage is starting again.. All my hard-earned money just went to waste like this. Please provide service at free of cost 1 month warrantee is not enough at least 3 month warrantee is to be provided.,1,2026-07-26 22:54:05,0
b7bd15e5-0c3c-4fdf-b5b7-550af2d6f177,urban company is pathetic don't use their services,1,2026-07-26 22:42:26,0
6e3503af-145a-45d9-86ed-db16b0797ccc,Booked AC service and changed some parts they provided warranty Mr lukman came and done but now to claim warranty they not showing up worst experience,1,2026-07-26 22:22:43,0
b338adb5-2b35-4c59-9cdd-29db172b47eb,so far love the cleaning services. will always recommend my friends and families if they need these services.,5,2026-07-26 20:46:55,0
6068fdaa-a55b-43a4-af19-b0f842a9f556,I am unable to locate the customer support number on the app just to clear a query about booking a service and its details. What the heck. pathetic overlypriced,1,2026-07-26 20:28:01,1
90632f18-6549-48e3-b73b-5306ecdc8c0b,such horrible support experience. support team does not exist completely. they have put a no use ai tool which is rubbish. earlier the strong point has become the worst part now. your team is very cunning. instead of refunding to source they refunded the amount in wallet. what will i do with that?? return my money to source you fraudster. learning: people should never pay before a service starts.,1,2026-07-26 20:26:59,0
588bacb6-c209-48e4-92ab-37887c3b2b75,very nice organisation,5,2026-07-26 20:22:58,0
c4acba73-63bc-4e31-b4e1-d6ccff2dc315,"The problem wasn't resolved even after they visited the house three times; on top of that, they charged me separately around 4k to 5k",1,2026-07-26 20:17:26,0
147b8d04-4102-4df0-8a29-aa087bdbdd18,worst experience in this app I m booking the electrician today morning 11:08 am slot still not coming electrician Uc app is not supported coustomer properly,1,2026-07-26 20:06:44,0
f5488691-7745-4037-b074-46a2edac1c27,it's hard to reach customer service and they are not helpful at all.,1,2026-07-26 19:49:40,0
07e765a0-784d-497d-a6af-d3ab5492a8c0,"I appreciate, but should keep service for Hair straighting",5,2026-07-26 19:06:54,0
253f88f5-a982-4acb-9697-4367ee18d519,Service rates have been increased and have removed convenient and affordable options.,3,2026-07-26 19:03:49,0
3b5e0761-e2f9-4fc9-9ffe-54e178a40a30,"2 stars are given because you have bungalow cleaning based on bedroom, and when the team comes they see the size and run away as it happened to us day before. please along with the bedrooms request also the area of the property. furthermore we got a call from your office day before after the service failed, you had promised a discount of 10% which was not given",2,2026-07-26 19:01:42,0
f27f0342-8723-4d2f-b01a-6df78eeb268d,"first time booked, why no offer or discount given?",2,2026-07-26 18:51:05,0
5d316263-3ef9-429f-9096-b8080fbb82ff,they have trained force who knows their work,5,2026-07-26 18:32:32,0
2202c8eb-22e7-447d-aea1-c82f4e3c3015,"Extremely disappointed with Urban Company’s service! We booked a technician to repair our washing machine, who took ₹2,000 in cash but left the job incomplete. He kept the service request “paused” and never updated the payment or provided an invoice. Despite promising to return after a week, he never came and ignored our repeated calls. When we contacted Urban Company support, they suggested rescheduling with another technician. Shockingly, they claimed to have “no record” of the ₹2,000 payment.",1,2026-07-26 18:06:07,0
63858f9a-4a3c-4da4-ad3a-1ae300d37f30,worst support all u will get in response is ai chatbot predefined replies.,1,2026-07-26 18:00:06,0
e1f68359-29c3-4af7-ab98-dbe013494271,"UPDATE: Also, your chat-based support system seems broken. When I want to cancel a booking, I'm told that the booking is cancelled but the professional ends up turning up at my door claiming it's not cancelled. Either make my preferred professionals available or at least provide the option to select professionals based on languages they can speak. Of late, in Insta help, my bookings with preferred professionals are also being frequently rescheduled from UC side with a different professional.",1,2026-07-26 17:43:30,1
2874ce7a-802f-4ca7-8f14-34358caf8dfd,Worst service of Urban Company... Recently they charged me 9 thousand rupees for Ac servicing and Gas filling and they said it was under warranty and now the I am unable to book the revisit under warranty claim.Frauds !!,1,2026-07-26 17:42:52,0
2bdb6c64-2de7-44bb-ab64-cd8d9c67a3ff,this days urban company has become more commercial charging heavily on regular prices and if we cancel the booking they are charging too much almost 40% charging without doing service.,2,2026-07-26 17:06:05,0
2ef059a2-55c8-43b5-8816-f9bc7c09c5d6,Very Dependable Service Provider My experience was Total Satisfaction 😀,5,2026-07-26 17:00:30,0
dff67029-7f26-4cd8-935c-5bf102bc1f71,"Charges taken but services not delivered, arrogant attitude. Callback request rejected",1,2026-07-26 16:58:49,0
22e79703-4e1c-4035-94c3-2b7a2b3efecd,Excellent service and support,5,2026-07-26 16:42:33,0
d95cd5db-0905-44c9-a2a9-c952a38f8727,Experienced and helping staff. happy to take her services.,5,2026-07-26 16:34:22,0
79e396c0-dcc7-4b6c-86cc-30c039a18d68,very useful app.,5,2026-07-26 16:04:49,0
0924b71c-5517-49ad-a62c-936256a5ad5a,"The app is ok but the customer service is very bad. Even after filing a complaint, no one responded.",2,2026-07-26 16:00:57,0
d53c7ff5-b191-42be-9fef-0f50e019ccde,"hello urban company. I have been using ur services from the beginning of ur journey. thanks for all the help. u have improved alot. with alok the service u provide, can u add one more service? window cleaning experts. thanks",5,2026-07-26 15:56:31,0
07809b0c-9023-4022-b76c-ebff6cd79141,worst Ro My Native M1 Ro output tds 10 de raha hain water taste v bahut kharab hai complain karne pe koi nahi jabab deta hai Bas influencer ka video bhej deta hain 10 ka tds health ke liye acha nahi hota hai waste of money hai koi v Native ka Ro mat lena bahut bekar company hai customer care v iska bahut bekar hai,1,2026-07-26 15:48:55,0
1734c9de-d5d9-475e-96ce-193abb161b1c,good service provider,4,2026-07-26 15:46:39,0
f83a092e-1ac7-4b9e-9977-728249501e49,bahut badi fraud company hai urban company customer se online paisa lekar bina service diye customer ka paisa kha jari hai urban company customer ko bewkuf banati hai inka staff bolta hai ki humse bathroom saaf nahi ho payega aur chala jata hai aur urban company wale paisa bhi kaat lete hai bina kam karwaye paisa kaat Lena customer ke account se fraud karna bewkuf banana inko bahut achche se aata hai bina service diye paisa kaat Lena inki aadat hai pura Paisa bhi wapas nahi karte hai urban compa,1,2026-07-26 15:43:30,0
91f1473d-4528-429e-84fa-c1c406ed51eb,it is very nice and I am very glade to have this app but one backlog is there are reducing the works if any one are getting injured..... it's their responsibility so i felt that one backlog other than that everything is excellent💯💯👍👏👏👏,4,2026-07-26 15:20:46,0
06caf8a8-c3b9-4848-97d8-5273ebb35ab6,"Urban company sent electrician to install water geyser, how idiotic. Its not his fault, he refused to do the complex plumbing work in duct and had to cancel the work, and my 137 rupees was deducted from refund for Urban company's stupidity. Hat's off to you Urban company, you nailed it.",1,2026-07-26 15:02:31,0
a5b2d933-8079-46b6-a74e-42b177da73d8,"Rakash was very hard working,cleaned in a very good manner",5,2026-07-26 14:52:37,0
7c8518df-503e-4cbd-9907-707c3b8ce3a8,worst experience ever just trying to check my patience. booked a maid 2hrs back for 2pm then they rescheduled for 2:30 and then 2;45 pm and norw asking to reschedule.... worst service snabbit is way better than this,1,2026-07-26 14:42:40,0
c8bdd7d5-d01c-4f2b-af3a-e29b4fa32363,initially RO was not working properly but now RO is working properly nice service by Urban 👍,5,2026-07-26 14:34:45,0
f65f3d53-0e2b-4bb3-bbcb-ffbddfd33ae8,it's a good app for Insta help house help.,5,2026-07-26 14:31:24,0
b545d36a-65e1-4a50-a6b0-c2e81d478cf0,initially showing 49 when going for payment its 158 how?,2,2026-07-26 14:28:38,0
506d7cfb-46ba-4826-95a6-94dc74105e83,Very Professional workers. Highly recommended.,5,2026-07-26 14:27:21,0
92941d8c-36ac-4d78-a68c-acfa782ddb3e,professional service,5,2026-07-26 14:01:11,0
01dc9005-7ca5-47b6-b40a-8ae10854aaba,instahelp feature is worst..,1,2026-07-26 13:33:48,0
62710eb2-3fe3-4430-bab4-00f346457792,Unprofessional. the representative says he cannot clean the bathroom floor as it has hard water stains. The company does not make any reference to such an eventuality while booking. It is hard to believe that mine is the first instance when they have come across hard water stains. They should clarify upfront that one should not care to book if the locality has hard water problem.,1,2026-07-26 13:31:48,0
72e9f8f2-0a81-4d1e-8402-9a97f48a300f,good service. reliable,5,2026-07-26 12:14:23,0
c27f9352-aea6-4a63-a0d4-4a1323fefcf2,"I booked an Intense bathroom Cleaning, but the app showed Normal Cleaning after the booking. Urban app somehow cheating",1,2026-07-26 12:05:34,0
3bf4e5ef-8266-4f2f-b358-80ec181c4490,ussless app mera bass chale to ek bhi star na du bhai.,1,2026-07-26 11:44:08,0
e088d778-d9d6-406f-8a07-52eb794210d4,Thanks for your Service,5,2026-07-26 11:22:06,0
b12788b9-a6da-4135-b812-83d7b8375656,"they are not allowing me to book for 1 service which is under 1k , and want me to pay a minimum of 3k to checkout",1,2026-07-26 11:11:51,0
9e8a67e2-25ef-4390-97df-3e3c5379abeb,Great service by akash,5,2026-07-26 11:08:31,0
863b13b7-39f2-4c89-8649-fa2709f5a9b6,"Very disappointed with NATIVE RO WATER PURIFIER BY URBAN COMPANY after-sales service. If there is a problem with the purifier, you first have to wait 24 hours. Only after 24 hours, they arrange a mandatory video call. After completing the video call, a technician may take another 24 hours to visit — potentially 48 hours in total. Major concerns: If an elderly person is alone at home and doesn’t know how to handle a video call or follow the process, they will not arrange a technician without c",1,2026-07-26 11:06:36,0
117e4be8-8046-4cb8-8670-44a3d8c238fc,few services could be clubbed and charged less rather than unnecessary double service charges.,4,2026-07-26 10:36:49,0
ba3290db-8047-4542-9eb0-7df0e0763b33,service will very good but kabhi kabhi booking cancel Khuli Ho Jaati Hai tumko bahut bura lagta hai,3,2026-07-26 10:31:53,0
6eb27070-4d52-491b-b798-e380de7b5376,rates are disguised,4,2026-07-26 10:30:45,0
8ca5a19b-243b-42f0-8dcc-d3fc68987602,"Worst app and services , the rating over here is fake reviews",1,2026-07-26 10:30:07,0
b8da876c-56fc-4baf-afc5-a9acd4e493f9,"The service is really professional and their personals know their expertise , they're good in what they do . also I was charged a bit extra , for which I asked about it to the customer care and the refunded me instantly",5,2026-07-26 10:24:37,0
38107473-1cf6-484a-bca1-8748d3165063,"I have faced poor support system during a recent purchase. I ordered their high-end purifier and completed the payment on the same day. However, after a week, there was no communication or product delivery. Consequently, I canceled the order, but the cancellation process has been unduly prolonged. The support team consistently provides a standardized response: ""the process has been initiated, and you will be informed soon."" Regrettably, this ""soon"" never materializes. Don't fall in trap.",1,2026-07-26 10:03:40,0
4267045d-50f2-43b6-a3cc-6c857be59ae4,"Their professionals have a habit of cancelling at the last moment and they will not inform UC but call the customers, if they feel like it, to cancel or you can just keep waiting for them. There is no clear help and obviously they do not provide alternatives at the same slot which is very frustrating as it was selected for some reason. Recently it has become a normal practice rather than exception.",1,2026-07-26 08:29:54,0
0632c249-3f61-4669-9e94-e2a4b65044dc,"Insta help services are becoming pathetic day by day, the professionals cancel the very last minute on weekends so that they can sent the worst rated ones only the last minute, only few professionals are good , Cherry on the cake is the bot in the name of customer care who doesn't want to understand anything. I really wish I could get a better alternative in my area so that I can get rid of this so called company.",1,2026-07-26 07:09:44,0
c1b32dca-003d-4090-98ee-2cecb98d57e2,very impressed with kitchen cleaning services,5,2026-07-26 01:02:35,0
5769ad00-86a9-4022-b4a3-3dd7d2eef39f,This app is so convenient and the beauticians are very well trained.The products that they use are also good,5,2026-07-25 23:27:49,0
7d2c70d4-7ef5-440d-a7e8-53063a02f608,Over priced for services.,1,2026-07-25 23:01:07,0
04559422-c5e5-41cd-b581-8895029ed12b,"worst service. they hire very cheap low skilled manpower who do not know how to do the work. on top of it, they also scam you by making you pay in advance for the service. the service which would be of very low quality. zero response. overall a fraud company",1,2026-07-25 22:35:57,0
f02d5083-b7c0-44d2-8ec0-24dbbcd7163a,amazing services but cost jada h,5,2026-07-25 22:18:51,0
d4d5f2c9-d4de-4b01-97fe-602b013c2d80,"it take 3 working YEARS to get and verify the otp , and get what ,after entering the otp , correctly , it keeps saying wrong otp , and the the loader will keep loading , until dinosaur will be back to earth.",1,2026-07-25 21:18:14,0
e0d2819c-b439-43ef-b875-dfc4ba2d085e,Awesome Service just the way I want it,5,2026-07-25 21:08:40,0
473115bf-dbdf-4597-9d47-0ba98eb2d3a0,Good work is done.,5,2026-07-25 20:53:57,0
50153dfc-f261-47f1-85d7-9edd75da9507,Good service options,5,2026-07-25 20:13:18,0
a10e5c0b-9b56-4f8d-9508-e1287bafdf90,"very worst app, I got charged for the professional unable to come and cancelled. very slow service also, every time their professional saying excuses and said unable to come, it's a spam app",1,2026-07-25 19:29:39,0
f93f0f09-a5ba-4e03-b15d-367014c78aef,excellent app it's very useful,5,2026-07-25 18:37:14,0
0d4b111c-3d8d-4833-93c8-fd614150eb79,very genuine and honest work with experienced staff Value for money,5,2026-07-25 18:03:20,0
f1e918c5-ede8-40a6-a18c-5a0059d9cfa0,wonderful job done by them.,5,2026-07-25 17:39:53,0
4a469f20-36b3-4666-9e28-0219aaf65306,1 stop shop fixes almost everything except broken hearts,5,2026-07-25 16:31:45,0
f80bb69f-9d15-49c7-bde0-3a33e66ff1bd,"you name the service, they hv it. most reliable service company.",5,2026-07-25 16:11:03,0
4f2b0774-e12b-4e8d-aaf7-f9465b6dd9e5,worst service & stealing the money in the name of cancellation even its not mine,1,2026-07-25 16:03:51,0
39a6944f-d846-48e6-84b1-7b09facf52f2,Literally they are looting money from people. please use local plumbers and carpenters,1,2026-07-25 15:41:48,0
ed762cf4-0749-499b-b0c8-4303f1c9f916,The app is not fully informative and contact details were not visible,3,2026-07-25 14:59:43,0
df80260f-8786-4daf-a7c9-f96e87229891,good cleaning work,5,2026-07-25 14:58:01,0
9353c05e-be33-4dae-92fc-001ca12a9844,maha faltu app booked for 3pm 25.7.26 at 3pm they cancelled what the hell,1,2026-07-25 14:49:16,0
1a001365-c066-4ef2-b6a7-9179a5c045c7,nice work and they trained well their partners,5,2026-07-25 14:45:08,0
75b2987c-0dbc-4ce4-8447-0d792cac8c55,"poor experience,no professional available at any time, ;better to use snabbit",1,2026-07-25 14:06:05,0
02fb7fe0-f255-4fb2-8401-8b5833fb0728,"Had a terrible experience. We booked a hair cut appointment a day before. Even got a call from the person assigned confirming it on the very day. But an hour later we got to know that the appointment was cancelled without informing us and was rescheduled at a different time with a male professional. After that when we cancelled and asked for a refund, the customer services kept dodging the attempts to refund, insisting that we opted for COD, even though we already paid via UPI.",1,2026-07-25 13:58:44,0
d32eddac-79f4-4d7e-83f7-4765f5740650,"good products, complex app and incompetent staff booked for wall panelling, survey and assessment was done on very next day to my satisfaction. however it's over 3 weeks now and managers at UC are unable to provide me with a quotation. moreover app is not user friendly it takes lots of time to get to the latest quote shared by manager and once you reach their you only fing that this too is inaccurate. tired of explaining Swatik and now eventually give up.",2,2026-07-25 13:19:16,0
3c12a94b-55fe-454c-8ca6-24566945c4a4,all services are good and affordable..,5,2026-07-25 13:16:00,0
d4f679bb-df84-4677-97b6-fcfcc60fbcce,extremely high cost about any kind of services,1,2026-07-25 13:10:56,0
d36e1ac8-574e-4f36-bafd-21c52ac3b0ae,"The services are good. However, the technicians charge too much even after the service for replacing parts, whether it is needed or not. The prices they quote for replacements are much higher than the normal market rates. Not even from one technician, i faced this situation from more services in Urban clap.",2,2026-07-25 13:09:25,0
679bf26b-ff75-413a-8008-40e95aedb610,company works is very good 👍,5,2026-07-25 12:54:25,0
de18bfa9-5293-4f15-8a01-dc08293b755c,excellent 👌👍 UC,5,2026-07-25 12:34:17,0
db7d51e1-7077-47c3-a8b4-1ca6d4da5f71,"Even though I have not downloaded this app, many people are appreciating the excellency",5,2026-07-25 12:30:14,0
5c308645-5720-4e2b-a458-ceb08f38393e,"Extremely disappointing experience. I booked an AC service for a no-cooling issue, but even after two technician visits and paying ₹8,300, the problem remains unresolved. Customer support refused to help and claimed my warranty was void within days without a proper explanation, despite it being valid until 20 August. I strongly recommend not using Urban Company for AC servicing. My experience was a complete waste of time and money.",1,2026-07-25 12:27:56,0
dc5e70dc-01d1-4589-a96b-6f27ace6da8d,only bot is answering,1,2026-07-25 12:15:34,0
a6699529-6d49-4d9c-b965-5ec49db6c261,worst service and for the first time i booked for chimney cleaning service in urban company and I waited for 24 hours and he came and cancelled the order morning and I was not paid extra for cancellation but I tried to book again and after 2 minutes I lost hope on urban company so i cancelled and they are charging me 200 as cancellation fee. I will never recommend this app for anyone and I don't want to give single star also for this worst service.,1,2026-07-25 12:01:42,0
889a4853-1877-421b-95b8-ec3582bc55b7,helpfull in busy schedules giving more relief to house wife s,5,2026-07-25 12:00:15,0
3b024fb5-cf06-4404-8bec-0c5f4d04ac86,"i booked electrition, from 2 days he tells silly reasons for not attending the work, and tells me to reschedule the appointment, very unprofessional.",1,2026-07-25 11:39:57,0
e582dfe6-7226-43a3-8f23-747e30e5601d,I have tried a lot of services recently and I have to say all the people are very professional and have worked very nicely and also cleaned the place if it was dirty after the work. Highly recommended.,5,2026-07-25 11:35:25,0
4a3843fe-c43f-449b-825a-6cf7564841ed,"Please don't book InstaHelp. If anything valuable is thrown by a professional and they later deny it, InstaHelp will ask you to file a police report. Trust me, there will be no solution; you'll just keep waiting as this is not covered by the company's damage policy.",1,2026-07-25 11:33:10,0
9ac0001b-124e-4bfa-ba5d-d5cbb95f95b1,city me jab aap ki sevice avilable nahi hai to notification daily send nahi kare,2,2026-07-25 11:28:18,0
307b7e9e-3efe-4a70-a296-ba0727e93800,service was super,5,2026-07-25 11:22:12,0
f2ca6cb5-805f-44c7-bf4f-d4957396fd64,urban company professional ke cotton road lagane ke liye 15 minut dete Hain aur usmein Laga mere Karan road mein 1 hours 1 ghanta hai ek company ko Dena chahie utna time professional kam karne ke liye,1,2026-07-25 11:12:17,0
963d3d12-5d9c-4fe5-a097-2ff5f4670dae,"The employees engaged with the company are highly skilled, professional, experienced and possessing expert knowledge to provide the best services. I am associated with the Urban Company and never have any bad experience in any of the services related to Electric, Plumber, Carpenter, House Keeping etc. I hope the continuation of the best services in the future also..",5,2026-07-25 10:51:30,0
8439b34f-01de-4aea-bc98-555cff070f88,itna ghatiya app hai ek single number nhi hai customer care se baat kare khud k price dal diye hai arey bhai phle koi baat karne wala banda to ho....issey acha to local bande dhundh. lo....,1,2026-07-25 10:01:08,0
63d37100-cce7-459b-9a83-39e935f828a8,Customer support is very poor. Bots with unrelated standard replies and no proper resolution.,2,2026-07-25 09:49:36,0
36559246-021c-4beb-b457-cc1a5fad5100,Good Professional Service UC has maintained its quality.,5,2026-07-25 08:48:07,0
0bdc413c-5172-484c-8a10-26aa17039dc7,very bad experience.,1,2026-07-25 08:42:25,0
7b94f194-c0f2-441d-ad88-851273e7e49f,Ai agent live chat sucks. Can't even talk to an agent. Secondly. If you want to book a massage. Men will massage you. Which Is ridiculous.,1,2026-07-25 02:46:19,0
f9b5f033-fb05-4169-86bf-77c8c9ca985d,professional services,5,2026-07-25 00:01:43,0
42f8be4d-ff67-41c2-bde7-e494d0822f28,this app is not provided the pay later option iam booking multiple times only showing pay online upi through Today I want service I don't hava bank account amount I have only cash but app not showing pay later option,2,2026-07-24 23:42:48,0
264c7df0-d8de-4d73-993c-341295dad23c,Please don't install this app for carpenter work. Always shows professional unavailable due to offer and waiver.,1,2026-07-24 22:04:21,1
a50d03ed-2dca-4717-bb2c-fd1544cc5ad1,Their overall service was terrible. Absolutely terrible. The attitude of the employees was awful.,1,2026-07-24 21:53:57,1
6efdaf20-657a-407a-88e6-b557c4eedc41,The process of spraying the chemical is very messy.the kitchen becomes so dirty that it is very difficult to manage,2,2026-07-24 21:19:45,1
bb5915d2-646a-4f40-b164-0db776d1d6bd,excellent job vijay singh Rathodh.,5,2026-07-24 19:59:14,0
30d4689a-98de-4e6b-b238-f21af4498cfe,worst app can't provide maid service on time and simple cancelled the booking,1,2026-07-24 18:39:24,1
aecae24b-52f3-4ce7-b270-dd44193292f8,help line process very bad professional is very good,1,2026-07-24 18:16:57,0
7f11c255-e6d9-4cb1-b9ad-663d0b96e93e,"Extremely disappointing experience with Urban Company (Raipur, Chhattisgarh). The issue remained completely unresolved even after the service visit. The assigned professional failed to fix the problem, and I ultimately had to hire and pay an independent technician to get the job done.Based on my personal experience, I cannot recommend Urban Company. I have lost trust in their service quality, professionalism, and after-sales support. think twice n then book on ur own risk..",1,2026-07-24 17:53:48,0
96d18048-a441-4f72-b133-c582a2b89984,Excellent facilities offered for economic method of spending money,5,2026-07-24 17:49:44,0
e23e0e50-7a22-4fcf-b0f4-798d36cafed1,no one arrived on location and no call arrived and i told u your agent tell me that i am lying the service is third class they cancelled without knowing custmers,1,2026-07-24 17:49:29,0
79c182c7-9417-493a-b2f5-c652bb822719,UC Partner Mr Angad was very nice and clean in his job...,5,2026-07-24 17:33:50,0
413554c3-5cac-4a8f-a69f-77ba3a1e023c,Customer service is pathetic.AI chatbot does not resolve any issue just keeps going on a loop with the same answer. Pathetic service,1,2026-07-24 17:29:00,1
3bc71a94-0caf-476a-8484-758647594205,"Very much trustworthy company. My first preference, always urban company.",5,2026-07-24 16:47:03,0
c89ea9d3-035c-41ae-bd52-80c4cfcf71e2,excellent service,5,2026-07-24 16:22:37,0
51ab4c42-b8e4-4b53-b125-2c2e6dcb8c37,special thanks to sudimalla Sunil sir.,5,2026-07-24 16:09:45,0
9b18db98-eed5-4399-a44d-593bdd12e6ed,not purifying properly need customer care number,1,2026-07-24 15:52:53,0
6069489d-0f19-4049-91f9-442edf9f3af1,nice servicing app,5,2026-07-24 14:47:35,0
77123515-020f-45f8-8281-d22fe2903c7a,"Very disappointing experience. The app showed ₹49 for switch replacement, but nowhere did it mention that replacing a 16A switch would cost extra. After the service was completed and I had already paid ₹147, the technician asked me to pay an additional ₹60, making the total ₹207. The issue is not the ₹60 itself—the problem is the lack of pricing transparency. If different switch types have different charges, they should be clearly displayed in the app before booking so custo",1,2026-07-24 14:25:41,0
eb4aee7f-2dca-4818-bc2c-0afdc56277a8,please provide your services in mangalore too,5,2026-07-24 13:54:06,0
654d8f9d-dc6e-4ee4-a651-238385151d8b,"i cancelled my bathroom cleaning service two days ago and still haven't received the refund. therr is no customer care, just an AI bot that keeps repeating the same thing and won't connect me to a human. stupid app. poor backend and virtually no customer care to contact to.",1,2026-07-24 13:44:12,1
5de22f2f-e8d3-479f-9837-bc85f24141cb,highly impressed with the staff being very professional in thorough cleaning and totally satisfied,5,2026-07-24 13:20:53,0
b46ae6cb-eff4-4b51-8c9a-680db683c656,simply sucking the money from the customer I have booked and service from insta help and they have cancelled it after 1 hour stating the reason that I am the only male person available in the house and the help cannot enter the house as I have not chosen the right option however before making the payment that there's only male person available and a selfie would be required before the work will start and I need to verify the entry with an OTP. but simply making money out of these cheap tricks,1,2026-07-24 12:41:41,0
13d32f77-81f6-4598-bca0-57f7b03d2670,professional services provided by company,4,2026-07-24 12:32:38,0
75c05715-7ec5-4f89-bb82-76ac5cd0ca55,Thanks for UC services.,5,2026-07-24 12:17:24,0
995f54de-5262-48e8-a493-fb6c970657dd,great app for instant help in a time of requirement.,5,2026-07-24 11:49:02,0
bb6ff75c-37e4-4a8d-993c-1d000fea638a,Idiotic processes and useless service. They require you to come on video call to schedule a simple service. Never buy Native.,1,2026-07-24 11:47:32,1
64306540-e9af-460c-afd0-f5f960472923,every service is top notch by urban company. urban company bharose wali company,5,2026-07-24 11:35:23,0
754a8116-60f5-4310-93f3-efa6c94b46aa,very good service,5,2026-07-24 11:35:06,0
082a7372-486d-4a16-a0e0-2d7ea0800955,"Third-class service. The app has too many bugs, and there is no proper way to connect with customer support when you actually need help. Because of these issues, I lost my complimentary bookings. This has been a very frustrating experience. Please fix these problems and provide proper customer support.",1,2026-07-24 11:34:12,0
73c53034-b1da-4d23-a40f-f9f8c9e77a60,"booked second service but nobody has come. I think,it is better to book only one service at a time",5,2026-07-24 11:30:24,0
d560051a-7659-4a48-8b5e-df6dfdd51e8a,"Excellent experience with Urban Company! The professionals are punctual, well-trained, and courteous. Booking is easy, the service quality is consistently good, and everything is handled professionally. Highly recommended for reliable and hassle-free home services.",5,2026-07-24 11:20:09,0
6e3d2ed2-d80e-4199-b76d-b9a96ebf8558,"The company provided timely and reliable support during a critical situation. The team was responsive, knowledgeable, and committed to resolving the issue quickly.",5,2026-07-24 09:31:04,0
4b923fbd-107d-4490-9305-0e03ae585718,I bought 3 day insta pack...needed to book for Friday.. Saturday and sunday.i booked for Friday then for Saturday and Sunday it's not showing slots .But if try to book individually for Saturday I m getting slot. I really need my money back.I could have booked for one,1,2026-07-24 09:10:06,1
e4897acc-c8d0-49d6-b81b-f42a37582b33,worst service ever ...they damaged my product while servicing and no response from support..don't book urban company,1,2026-07-24 08:39:55,0
910834fc-f6b1-4e03-914c-aebefee45296,service and support both is below average,1,2026-07-24 08:39:17,0
9c41b0db-f7b5-48b6-814b-2544ea0a09e8,"Worst, don't try to buy any native products. They increase prices, decrease prices when ever they want. After you purchase they reduce the price of the product. We can't even return the product back. Once you order the product, you have to live with the product for eternity even before installation. Never seen such experience in any similar products. No return for the product available. Beware while choosing products from them. It hardly costs some 150 ruppees for them to take the product.",1,2026-07-24 08:38:54,1
6158e1ac-967b-4353-9d4d-488a5fc3051d,I booked insta help poonam today and she had visited earlier also..hence she knows the location still she lied about reaching. they cancelled the booking with a fine.total scam.,1,2026-07-24 08:38:32,0
c85f31a1-10f1-4dc1-9088-1f3c56afd507,Don't trust these guys. For small change they are going to replace and other parts and charging triple amount apart from booking charge. Technician using local items and unprofessional and rude behavior,1,2026-07-24 06:55:21,1
a6248a3d-07a0-4fc7-b63b-c077d7e42e80,very bad experience,1,2026-07-23 23:29:57,0
59d414bb-8f5e-4d4d-b05d-c14eac4c986c,the company makes promises it cannot deliver on. service is terrible,1,2026-07-23 22:49:10,0
e085d1ae-3af2-4002-8fe5-967c03b57ca5,I am really sorry for this as my recent experience with unban company technician was worst I had issue in in refrigerator the technician came to.visit at home changed some parts of the refrigerator it worked for few days and again same.issue came.of.cooling and he solve it it worked for.few days but still same issue came again the parts are warranty the technician name.was.Mr .Manoj Kumar kahar mow.again he coming tomorrow let is wether the issue gets solve or not it would have better local.tech,1,2026-07-23 21:07:57,0
51bfc768-d59c-4a29-8f62-1f29da4120b3,worst service ever not book this the service guy will damage your property and run away,1,2026-07-23 20:32:59,0
4f588909-f9a4-48eb-82a8-2e7fd54c47ce,poor. the professional cancelled a booking at the last moment that too in the last slot available. this is so unprofessional. He cancelled after saying that he is coming in 10-15 mins. but then he suddenly cancelled. also no proper customer support is there.,1,2026-07-23 19:48:38,1
416d41af-9e66-48a2-942e-72ba5d499c51,excellent service,5,2026-07-23 19:47:03,0
4776a39a-b36e-443c-80c9-cd7b59f60d5f,"UC's ""Native"" brand filter's electrical connectors are not compatible with Kent products. This necessitated cutting the wires and hot connecting and wrapping with common insulation tape. It is a potent electrical short circuit hazard and may lead to damages.",4,2026-07-23 19:08:41,0
cb37ebe9-b084-4dfb-91bc-da4c7123d8bc,very professional workers n timely work done 👍☑️,5,2026-07-23 18:42:14,0
712d1741-cc80-4a0b-b476-e460869a6f05,"Very Nice Water Purifier is Recommended, and Installation very late so if you wait for some of time for Installation then you'll must buy.",4,2026-07-23 18:36:47,0
13d532ed-f130-4c6f-bb3b-a8732890d6ec,worst company they repaired one thing in your appliance and added another fault at the same time. When you ask them for the same they will say that it's not our fault. they repaired the backlight of my LED and damaged my panel display (which was absolutely good before). Their technicians confirmed their mistake that happened from them but the urban company is not doing anything for this and not repairing it. URBAN company is just taking money and not giving proper work.,1,2026-07-23 18:29:33,0
d8633c4f-18e2-4fc3-b5ee-473c22038bf9,one of the worst services they provide. I have requested for house cleaning end to end for new home. the person came and asked me to cancel the request and later he asked me to pay 8000 rupees. in app it shows 4000 rupees. worst service,1,2026-07-23 18:20:11,0
3b9ff25a-74bb-4907-a64c-5c91d1a5a0f4,"Extremely helpful service. Was kinda nervous initially, but the support and staff are extremely professional, and the UI is pretty easy to navigate.",5,2026-07-23 17:12:44,0
79f12257-6133-4ff9-b5f4-58c4e6a49e26,"I had some unpleasantexperiences in the past and felt very unsafe with some of the staff. I raised my concerns, but I'm not sure what action, if any, was taken. The next staff member assigned to me was very good, and I've been trying to book him again, but he is never available. I've also noticed that the prices have increased by ₹200 for many time slots, and the Classic Bathroom Cleaning service has been removed. Overall, I've found the Coimbatore operations to be quite unprofessional. I am loo",2,2026-07-23 17:10:05,1
ba44d2ef-26d3-4c3f-83a1-2ea4e549c523,Jayashree's work is professional and an excellent.,5,2026-07-23 16:40:39,0
df0cb1f7-70a8-4f7a-9c2d-f0c6108809c2,very bad behaviour with customers. don't waste your money & time.,1,2026-07-23 16:26:53,0
0537e8e0-e3bd-453d-b153-af03d7fc62ea,good verry good job,5,2026-07-23 15:44:23,0
5cfc6df0-0903-45f3-ab3f-7de85f3ca82c,"Very satisfied with the service. Excellent experience from start to finish. Professional staff, timely service, and outstanding quality. Highly recommended 👌🏻👌🏻",5,2026-07-23 15:41:36,0
b39a203d-1888-4b48-83b7-edf127da1097,The parcel arrived very late and there was a bad smell coming from the parcel and it was also damaged. I am disappointed with that. The person from your company who came was very polite. Currently there is a lot of noise coming from my RO. I spoke to the person who installed it from your company about which he said that he will come and check in a day or two.,5,2026-07-23 15:25:14,0
d81babe3-34c1-4a0a-9a6b-b2b53b05d0ef,"on time really satisfied , work done perfectly",5,2026-07-23 14:58:31,0
8c7424ed-a5e7-4bb5-ad9c-2305d93998bd,very sincere efficient workforce!,5,2026-07-23 14:58:16,0
8466d92d-b895-4dba-b52d-6bc93a656b40,"Arya from UC , did her work well within the time perfectly",5,2026-07-23 14:31:30,0
2a42ce76-8742-44b9-b084-271a97d45fa1,work not done only done inspection will.i get my money back,1,2026-07-23 14:15:46,0
9c2c8c4a-32d1-4a8b-8d28-e004eb0453c5,"Insta Help Professionals are seeking help from their relatives & husband to book multiple slots so that they no need to visit customers, & Urban Company anyways will consider those fake bookings as customer booking & pay per visit plus incentives due to high rating. This is the trick & loophole they found in the system. One of the professional by mistake shared this information with us citing that husband books longer slots to avoid work. UC should strictly take action & scrutinize such cases",1,2026-07-23 13:31:02,1
b9a4d447-580f-476e-a0bb-31ad4906aef1,"they offer discounted coupons to increase their userbase but does not provide service instantly. it is not that housekeeping staff is not available because when I try to book new service without offer, houskeeping staff is available instantly.. so app is clearly giving low priority for discounted coupon service..",2,2026-07-23 13:07:59,0
7a9e5114-a00d-4cff-8776-695dfa34c423,On the first day I was waiting for 4 hours and kept calling their professional..call was not received at all. my money was wasted. the next day also the same story. very cheap and third class service.,1,2026-07-23 12:44:52,0
16b577ad-8e68-406f-9f88-3e0fd193860a,Earlier the app was useful as I was easily able to connect with human customer care and now connected with the customer care is another challenge. From the last 3-4 hrs I am trying to get in touch with customer care but unable.,1,2026-07-23 12:39:32,0
769d1922-1176-4c4b-8370-86847ebbe2fe,Every time at the time of booking the service I am asked to pay extra amount beside already bought package. it is not understood,1,2026-07-23 12:37:55,0
e31566e5-c432-4af6-b6ed-3acb57b6def1,Do to use UC services packages. i was lured into one such trap and now professionals are not available at time i want services. i will never prepay and use UC services. i would prefer other platforms as services of UC have degraded over time.,1,2026-07-23 12:26:05,1
045ca103-ff05-4651-be98-42f8d9ad3ec0,"Yesterday,we done ac repair, but after 2 hr it's not working, I am unable to claim warranty because submit bottom not working, your customer care AI also bakwas, chatting with him more than 30 min.but totally useless",1,2026-07-23 12:16:25,0
48104176-a0ea-4539-a6ca-969aa22337d6,we book a service according to our convenience but you reschedule it without our consent.,4,2026-07-23 12:15:18,0
3218faaf-683c-48de-860a-c0422ee78cd3,Nice and professional job.,5,2026-07-23 12:11:10,0
af85c77f-bad9-4a2f-bf73-e6f557d7ae61,Good Service App.,5,2026-07-23 12:02:37,0
ec1b61cf-c833-455f-92c0-9cc176f1605f,Pathetic Instahelp services.... it will be your luck if you manage to get a good professional via them... they literally act rude n then threaten us that they'll not allow anybody to work at our home...they backanswer,1,2026-07-23 11:59:54,0
8f52ab89-f6f8-4607-ac66-f514d066d4f9,App does not get loaded to my iPhone 12,1,2026-07-23 11:54:39,0
1850cba4-1e3d-4593-be51-5828973430bf,issue in service and customer support is AI which I useless of now m no use,1,2026-07-23 11:22:57,0
08c3697b-fd6c-4975-a078-900a18556274,Honestly your support and helpline with these stupid bot chats sucks! If i have a problem with the service and helpline bot chat does not help at all.,1,2026-07-23 10:43:21,1
25252d8c-bb15-431e-810a-80cb134f6473,it was good experience,5,2026-07-23 10:19:44,0
b042b650-972a-47aa-9367-622bf1d76c8d,I spent a hefty amount getting my fan serviced in the winter—including coil replacement and greasing—only for the noise to return within six months.,1,2026-07-23 07:47:11,0
e7b5577d-9d16-412c-a0c6-9321294f2143,"This used to be a good app, I think they are working on philosophy of HOOKED by offering services at reasonable price initially. Now they are transitioning to milking the hooked customers.",1,2026-07-23 00:19:07,0
cb4eb667-369d-47a4-b4fd-6ba553d6b093,"The pest control services followup is not scheduled, and you stupid AI chat agent is not letting me connect to any agent... so so frustrating.. time to say good bye to this stupidity updated 22-07-16 as suggested, tried reaching through mail but no response yet. UC has blocked all means to reach customer support. i want a human interaction on my service. Does Urban company have any living beings in customer support??",1,2026-07-22 23:54:21,0
93244e20-3d05-4ddc-aa33-be7a2a1d3d33,I have lost complete trust from your app ever since you have transitioned from IVR based human customer support to an LLM based customer support. It has become harder to approach any inconveniences. I want you all to bring back the old customer support services,1,2026-07-22 23:41:48,0
719b9a2e-f25e-42f2-8def-d62fcc8373e1,Don't cancel the bookings last minute and most of the time the Insta help services are not available.,3,2026-07-22 22:09:39,0
8d60da37-943c-4ec3-9460-cedac71bc4f9,Scammer ⚠️ Their technician tried to fix parts which were already working properly.,1,2026-07-22 20:36:58,0
c267a091-2012-4317-8070-8fe89cda475f,worst service from uc my AC got damaged during service and now they denied to repair it.,1,2026-07-22 20:36:32,0
dcf418bd-0aaa-442b-926c-e73801775b69,excellent work by him👍,5,2026-07-22 20:19:38,0
716c171a-e22f-498a-8b1d-ebff509dc894,"They are scammers, be aware, not recommended",1,2026-07-22 19:54:08,0
3fc9ac93-7f76-451d-af9c-1949371442ca,why platform charge is added when you charge for service. Also if you are charging service charge then why again Labour charge is added. service charge is for what service. phatetic charges are charged. please call private technician from your contact don't try urban company,2,2026-07-22 19:35:40,0
b575a61b-10eb-4b08-8d25-33d97b5e5133,The service was great.,5,2026-07-22 18:07:43,0
468d8e19-9573-4336-8f82-faf4fb098c79,the ai customer support is Just terrible... the confirm booking button for warranty claim is not working properly and it's just frustrating,1,2026-07-22 17:41:42,1
4968739d-bd71-47b5-ba7e-253a492f8772,very professional. neat work. No complaints whatsoever.,5,2026-07-22 17:03:29,0
3ae44b83-1297-473f-a3bf-48260c6381d8,best service provider app. quick availability nd gud service.,5,2026-07-22 16:50:51,0
a11c58ef-1d4e-478b-a6c7-6b2ec94de2f8,Thanks to UC for giving us this convenience.,5,2026-07-22 16:34:19,0
1e164bda-7d0a-4cba-9b41-cf23432ba4ea,"Hi The M3 pro machine first time when they delivered, the machine wasn't working properly. the second machine had missing main wire. The technician could manage to take it from the previously sent machine.... he was smart to react to the problem. first impression itself was upsetting .",3,2026-07-22 16:27:55,0
f60060c2-2991-4cef-9694-050d886877a3,good option for instant house help.,5,2026-07-22 16:26:03,0
b61d0b4f-f792-4fac-bafa-d57ebc8d7850,it is a very convenient system and approach to get household work done as per your own time and requirement.,5,2026-07-22 16:06:14,0
a7edad05-f2c6-436b-a6d1-3b34509a4be5,Company ki team koi support ni kar pata na jane q bethe h logo ko pareshan karne na theek se partner ki help kar skte or gussa karne par partner ko uksate h taki galt bole gussa kare or or id block kr de urban company team m sbse west subham or kartik h partner ki help ke name par ummeed karti hu jo company ke Owner h vo hi company ke hall ka pata rakhe warna ese team ki wajah se jldi band na karni pad jaye company.preshn ho kar har partner chord degi company jldi better option social media .,1,2026-07-22 15:50:26,0
dc44bb44-ec09-4c6e-a04c-d27ed587b691,no customer support... cheating service.,1,2026-07-22 15:43:11,0
7ec0a859-c5b3-4080-a746-2199c69bfbb2,Good job done 👍,5,2026-07-22 15:31:38,0
e28f10cd-943f-4d45-badc-d4d6ba6e9388,they are charging me for something that I cancelled. now all the more reason for me to not use their service again.,2,2026-07-22 15:09:12,0
cde84655-80a4-4b4d-acef-c4e928fab835,when we book insta help everytime not available mades please improve this we need it,3,2026-07-22 15:08:06,0
8ae21cf9-cf42-4197-8626-785ba2a5d68e,Really Good service..Cleaning staff also Good behaviour,5,2026-07-22 14:59:26,0
bf20f396-762e-41a5-9da9-d2ad7fbd05ba,"I installed it for salon services but the app says no such package found. If you don't have any package, then why are you advertising on instagram?",1,2026-07-22 14:44:10,0
b0ad84af-feaa-4eff-b495-7f77f0b54117,Scammers. They will charge you in advance for booking. Their people will not even reach at your place but they will mark it as reached and tried to contact but you were unavailable and then they will take away 70% of advance booking payment.,1,2026-07-22 14:02:51,0
cd38e0c9-e609-45b0-a769-6151911c294e,"The minimum 595 RS cart value is just absurd! nobody is gonna be able to keep booking it more than once if this is the threshold! Looking for an alternative option, never using this app again!",1,2026-07-22 13:53:17,0
5c861a64-fb4c-402d-a93d-2810beaf12b5,this company 3class company ye log patnar ko na to koii help dete h na unka koii call uuthte h total bakbaas company koii naya isme join mat hona,1,2026-07-22 13:51:52,0
4f1098bf-4999-4ced-80b5-5179f5db821a,"I had a very disappointing experience with Urban Company. The service was unprofessional, and the quality of work did not meet expectations. The technician was not properly prepared, and the issue was not resolved despite the service being completed. Customer support was also not helpful in addressing my concerns. Overall, it felt like a waste of time and money. I expected much better service and would not recommend Urban Company based on my experience.",1,2026-07-22 13:38:39,1
acc2f0bc-8c09-47e1-a883-fd5e891e849c,good hair cutting job,5,2026-07-22 12:25:32,0
392496e6-d26f-4211-a2aa-964dc04a815e,very good service,5,2026-07-22 11:55:44,0
deac43e5-d6b9-4227-a970-4b54e5876eb2,"Sales after service is bad, I am so disappointed with UC.",1,2026-07-22 11:40:56,0
9ed9c7cf-e0ad-4d98-be8f-5acbd056890b,They work is too 👍 good,5,2026-07-22 11:40:03,0
1066c24a-f5ff-419d-824b-845249bb1c4d,No one's help line & support system is not good In Trip The Driver pay buy me i try help line But no use the this worst app don't use,1,2026-07-22 11:38:39,0
7e0b5f5a-043e-46cf-9d6c-f1f5ea4330c3,not showing all services in app,5,2026-07-22 11:26:51,0
b87ae6a7-a143-4f16-9ebd-aa2e83f7b302,"I have lost money three times booking their insta service. they take your money upfront, won't bother to call up the professional if the don't show up or assign someone else. once paid, it's the customer's headache. then they just send a sms saying they initiated the refund but it will never really happen. such a poor service. atleast have the courtesy to ask for payment after the job is done rather than just sitting on our money doing nothing",1,2026-07-22 11:20:43,1
bad41b23-d5d9-4619-b010-eebc0bcf80c8,"Noway to get support, out of 20 booking I made for insta help, almost 10 get rescheduled or cancelled. there are no lots available when you need the help and further not a human being to support or talk to u",1,2026-07-22 10:52:43,0
21aa664a-da49-45cb-b7c8-8f8e22595272,their insta help personnel didn't arrive only. very unprofessional behaviour. their professionals are extremely pathetic in the service. they are trained to be at a snail pace and do nothing in one hour.,1,2026-07-22 10:50:16,0
a44135d9-7be7-474f-9193-9f75dd9b4c6a,my experience was really disappointing as instamaid booking was cancelled just 30 mins before and there was no other slot for entire day. This is quite not professional that they charge cancellation when we cancel and just apologise when they cancel. how will customer trust next time for such booking?,1,2026-07-22 10:08:02,1
35616707-8aaa-4068-95da-2cf4df36b068,little bit expensive for some service's,4,2026-07-22 09:24:36,0
c34ebbf5-ebcd-4845-8bb1-3fbfebecfa3a,"day by day the service is degrading, support is zero",1,2026-07-22 08:42:59,0
0850ff91-e2a9-43ea-b642-c5ed40f11c6a,Changed my review from 5 star to 1 star because of lack of customer support. Your chat bot and calling bot is useless.,1,2026-07-22 07:46:41,1
97d86115-8f49-46b1-bec9-c7d561ffdf6a,"Your service is the worst I have ever experienced. You neither provided a genuine reply nor a proper solution. Instead, you added an unnecessary extra service and charged me for it without my consent. This feels like fraud. Your service is absolutely terrible. It would have been far better to hire an engineer from the local market than to use your service. On top of that, your technician corrupted my drive. Worst helping support never ever give genuine Support Never Recommend Again to Anyone",1,2026-07-21 22:28:36,0
0eb6a19b-bb36-4af9-828c-62e1a49f88ea,"The customer support setup is the worst, AI does not respond as expected, the price shows two different numbers in two different pages and that's what UC charges.",2,2026-07-21 22:13:57,0
89d232d5-d26d-4812-b07e-bacb7b29ee1f,Updated review. I saw improvement in customer support recently. Previously it was a complete joke. AI slop is very bad.,5,2026-07-21 22:05:09,1
ce4b0245-e5f8-45d6-ae2f-fbe12274c8b5,for complete kitchen cleaning along with appliance cleaning they send only one person which is practically impossible for one person to complete....they should send two persons as they are charging premium charges,1,2026-07-21 20:59:38,0
5514cae7-32de-4b38-b160-68b7039b565d,nice app prompt helper which visits your flat in almost 10 to 15 mins,5,2026-07-21 20:02:35,0
5ddde39a-8bed-4b95-889d-4852688e3b47,"I bought this water purifier through Urban Company only because of the promised ₹1,500 goodies package, even though the same purifier was cheaper on Amazon with bank offers. After repeated follow-ups, I never received the goodies and was refunded only ₹600. This is misleading and unfair. Customers should receive what is promised or be compensated fully. The purifier is good, but the promotional offer and customer support were very disappointing.",1,2026-07-21 19:59:10,0
77f310ae-8528-4f54-9f8d-387fe95a69ce,Good Service in prompt timing,4,2026-07-21 19:22:18,0
f238c471-e21e-472d-b60e-03667ac97fa6,Technician Mr Lokesh came on time and Happy with the Service.,5,2026-07-21 18:36:31,0
05198d85-a46b-4fc4-be91-8a201b96f7cc,"Horrible Service and third class customer support. Especially never buy any warranty or CMC from UC. They never care after you purchase the Warranty or CMC. Customer support says we can't help or provide you any solution even if you are under warranty of them.Shortly I will post more details about their customer support, unprofessionalism and rude behaviour with proper audio and written proof.",1,2026-07-21 18:32:05,0
6a49e4ab-03e4-4669-9f2f-07d9f767a1c4,urban company good work and behaviour best,5,2026-07-21 17:51:01,0
b82f5c49-80aa-428e-8cbc-5ef5309ea5a4,excellent service but costly though,5,2026-07-21 17:20:33,0
df6f959d-1f92-47de-b625-78fc121f38e1,The person allotted was having professional approach and job was done satisfactory.,5,2026-07-21 17:16:37,0
93c3cac0-52d5-4ce5-8d69-7811c4565449,if there was an option to rate negative i would have rated it -5. Worst service they cancel your booking 18 mins before reporting time and asking to rebook for Friday 24th jul 2026 if I need a service today why will I reschedule it after 3 days Shortage of Manpower Unprofessional Behaviour vauge replies Not customer centric and the list can go on,1,2026-07-21 17:14:22,1
82c2291c-c34d-4ae3-b923-9f841083511f,Very worst delivery dont buy native RO purifier.,1,2026-07-21 15:57:24,0
885680ef-cc9e-4e3f-ab3d-62ca1358e114,"Worst AC service experience. unprofessional technicians will get assigned and wrongly bill us for their wrong diagnosis. call center/help line are of no help. everyday new executive will call and asks us to hold on line stating they will take the technician on call and call gets dropped, no solution for any of the issues.",1,2026-07-21 15:54:02,0
2462e147-e4d1-42ea-8ecd-a931f6d3b071,"Sadam, professional and smart boys..did good job and even cleaned the floors before leaving. Recommended.",5,2026-07-21 15:47:11,0
ade01df0-c907-4cb1-ad9a-504ff8658e12,21-7-26 today i booked for wall drill single hole i need to get drill at the wood but there was no option for wood so i booked it for wall now the person asked me 400rs per single hole and 158/- already i paid to urban worst service for single drill 560/- rs so i cancelled the service n even they charged 100rs for cancellation fee not gonna recommend and use this app again,1,2026-07-21 15:31:14,0
1c45a8a4-7838-46db-9d7d-5526377d123c,I'm Booked a Slot 2 Days before but Today His Excutive is not coming then Company was reschedule our appointment and after 3 Hrs automatically Cancelled our appointment and no One can replying. This is Disgusting and Harrassed the Customer. Shameful Urban.,1,2026-07-21 15:03:39,0
42c849b7-54ae-407a-92b0-642327034dc7,yah app per jitna bhi Kam karne Wala Hai sab chor Hai kaam karna ka amount kuchh or hota hai aur charge kuchh aur karta hai hamesha 3× 4× Guna paisa lata hai 😠,1,2026-07-21 14:56:42,0
fb0d12e3-481f-422a-b2d5-072c8cdf93e2,the company service is worst service the person came to my house he work his done properly acctually i booked for sofa cleaning through urban clap bt person did nt came to my house @ 10:30 AM and company reschedule the booking without inform me.company reschedule the time 12:45pm he wasted my time sooo much and I lost financial loss and time coz of urban clap company.,1,2026-07-21 14:49:00,0
4f943dfd-7808-415b-b8c9-5aabfe654b67,"it is good for a carpenter and great for bathroom cleaning services but the problems I faced with the salon prime. My bookings got cancelled 3 times. and 4th and 5th time the payment failed. I was so frustrated , it wasted a lot of my time. Also I don't like that it shows 599 charge for a service and when you go to the payment page the bill is up to 700 -800 something",3,2026-07-21 14:10:22,0
697b67e1-14e9-4672-9266-b035c810200f,"They are completely fraud, took 1350 for repairing a fridge and left but it was not working then I gave a complaint after one hour but no customer support and nobody assisted",1,2026-07-21 13:49:52,0
aef979cd-ee67-4738-957b-6ecd9767e150,"insta help is really bad. it shows on how convenient it is but the reality is it is the most inconvenient thing. the professional chosen get rescheduled the timing is automatically changed and we are left waiting and when open app surprise there is nobody coming now. after 3 hrs someone new is coming. and this has happened consecutively last 7 times. now I am stopping insta help services once n for all. pathetic service, pathetic customer care.",1,2026-07-21 13:36:26,2
087dfb3b-923a-4279-bf00-4470b89fdac7,kisi bhi chis ke liye charge karta hai... allowed hai kya... online payment select kiya post service yo uske liye bhi paise... will hv raise with consumer forum n govt...and shand kr liya paise charge kar raha hai or feedback chahiye...khud doge ke and shand kisi liye bhi Paisa...,1,2026-07-21 13:35:18,0
f4ab5b09-bb65-442a-9613-acc4ed52ee79,"subscribed to Urban Company's Insta Help service on 21 June 2026 for a package of 3 visits. However, whenever I try to book a visit through the app, it simply displays the message: ""No service available in this area. Join the waitlist.""If the service is not available in my area, why was I allowed to purchase the subscription in the first place?To make matters worse, there is no proper customer support to resolve the issue. I requested a refund through the chat support, but my request was refused",1,2026-07-21 13:19:04,1
c3a6ae8c-ae9b-410a-8bd8-5cc72042942c,"When you cancel my booking to ur unavailability, you ask me to reschedule for the same or next day. If same day slots are full you force a next day booking (but as I already have 1 booking for the next day)leaving me with 2 slots in a day when I only need 1 per day. You then ask me to cancel that booking instead of letting me use it within the 1 month validity. Canceling means I lose money as I booked 3 services package at a discounted rate + GST. coz will not get full refund as it's discounted",4,2026-07-21 12:49:34,1
0222c90a-ffbf-47e5-998d-7718b6de3192,Very good worker. He is,5,2026-07-21 12:48:53,0
816b8ffc-574d-43ce-a4ec-7ae9b42cb1c2,UC staff provided me very good service (Foamjet) for 2 AC units. Value for money. Thanks,5,2026-07-21 12:36:00,0
ca351aa1-351c-4b02-a1bd-adcb6e526c4e,good service...happy 👍,5,2026-07-21 11:51:02,0
68b298ad-b6cd-469d-a9b4-501181155605,Really Great Service. I will do it again for my other service. 👍,5,2026-07-21 11:44:41,0
cfab256d-3c26-4071-8003-b5ec6f5d7f04,"i booked a ro service from this after paying 3000 and 2 visits it's still not working. Technician now not answering my calls, there is no customer care service. i have bought a new RO , after paying them 3000 as successful l service charge. extremely bad for customer service",1,2026-07-21 11:44:15,0
75e125f4-6ebf-4a55-a824-160dc4e88f50,very expensive charges n,2,2026-07-21 11:37:28,1
3fef5bf9-eef6-4f1c-a49f-e12ec738841d,"Worst Urban Company, How Badco Company. They eat Money without any intimation, Bakvas, Beverse Company",1,2026-07-21 11:27:19,0
9b8da96d-4e0b-43df-b63a-37ee83380e95,"For any house hold job like bathroom cleaning, chimney servicing, insta help we always prefer UC",5,2026-07-21 11:05:22,0
a91bd15c-ef78-42e5-9984-ce80e9a02b9b,very good servicing app to public,5,2026-07-21 11:04:37,0
b3d1e742-d8ed-4cde-97f3-eb6fbc981c42,too many cancellations and change of preferred professional,4,2026-07-21 10:44:57,0
3872d9aa-0003-4112-b2e8-ee881ed9b218,good service appreciate punctuality,5,2026-07-21 09:27:34,0
dc361028-91fc-4522-b412-3a40095751eb,worst services ever,1,2026-07-21 09:07:36,0
b4d821f1-b195-45c1-b57f-ec00db247d5e,"Very very pathetic Service, always insta service showing unavailable or cancelling the service for prebook. I just started using this service a month ago and bought 3services pack and about to expire always showing service unavailable or if I pre-schedule then cancelling it before service start without prior notice and asking us to reschedule then why have to use UC? I think I have to go for an alternate service which must provide their services. Better to think twice before booking. Thanks UC.",1,2026-07-21 08:20:45,1
ad0549ba-92d2-4edf-a005-4fa1b4d38e55,urban company was so chip,1,2026-07-21 07:12:17,0
f77a176d-471a-4006-b2b0-c4a568ac8fdd,"Earlier the service used to be very good, but now most of the technicians are pathetic & charges very high.",1,2026-07-21 07:04:02,2
64b0b925-58da-4dea-a935-e1a01884086d,"""I can log in successfully, but whenever I try to book a service, the app shows 'Something went wrong. Please update the app to latest version and retry.' I have already updated the app, reinstalled it, and even tried another phone, but the issue remains.""",1,2026-07-21 02:08:33,1
217dfd79-d2b4-48d5-a434-ba0b38387f76,very bad experience with split ac service . there is no revisit if there is an issue after their service is done.. no proper response...,1,2026-07-20 20:55:40,1
02e47863-3994-4a8e-b3df-a0404147611e,"Native M2 purchased and installed in Jan. App sync not done as I was outside. Ever since, have been trying to sync on my own but no success. There is no option to connect to a support person as on app the Native M2 is not registered.",1,2026-07-20 20:36:14,1
8d57ba47-266f-4fd5-bd23-265aab79fda4,very nice experience,5,2026-07-20 19:24:05,0
39e9b7b4-80a3-4954-967f-dbd34ab00bbc,urban is doing good. their service and communication is also good 👍,5,2026-07-20 18:56:10,0
469cb535-4697-4e6c-8a2d-23b5ca922499,"Good service by company, trained staff and good work done by Karan",5,2026-07-20 17:54:23,0
f3d9b1eb-1952-4a35-926a-63ae2eae07bc,service are good,5,2026-07-20 17:51:07,0
788075c6-e91d-44da-8eaf-29e7fcdff645,instant home maid required,3,2026-07-20 17:26:36,0
ee74d29c-01b1-4258-8e44-9718b454ceb4,Vgood solution.,5,2026-07-20 17:21:04,0
226cf99d-b117-49e3-8f2d-6e3666ff2d24,Excellent professional services,5,2026-07-20 17:07:58,0
21443f8f-cd94-4474-a88b-65b2f5038ce6,I am very satisfy for the services.,5,2026-07-20 16:42:04,0
4d081ec7-08fe-4ccd-b7cf-bb7dd87cae80,Fantastic service by Urban Company,5,2026-07-20 16:40:41,0
ce68fc3c-6cab-4577-963d-31ae513a4a85,ajantha nair very nice service and behaviour was ausuosom next in future same send me Nitu kumar,5,2026-07-20 16:36:47,0
74b19e7e-2caa-4ece-9abc-ee85a089fc76,"ridiculous customer service, all I wanted to do is to cancel my existing plan but the customer service just refuse to do so.",1,2026-07-20 16:31:15,1
329725d3-e34b-476a-91c4-f04e35b1d481,thank you so much ❤️ ladies should try this once,5,2026-07-20 16:16:07,0
85db7d6e-35fb-49c8-8d27-638d1e52d379,when company suddenly took high jump then company starts oversmartness with old customers. I booked for ac washing technician said it is company rule I can't service ac without gas topup. first you should topup gas then we will service your ac and he packed up his equipment.,1,2026-07-20 15:29:14,1
7608e6d7-7f7a-486e-8e8a-422047b4444f,I got severe burnt marks due to waxing and no action was taken .,1,2026-07-20 14:55:27,1
599d155e-e6de-4df7-a945-789c39b75bf1,easy booking and provide service very trustfully,5,2026-07-20 14:42:33,0
46f48ac7-5c70-4892-b35d-4a8b986fc887,"it happened with me 2nd time, when I booked it shows different professional and in door step different professional will come. I don't know why. everytime they send professional before 1hr of booking, of I'm not available at home then. but they did work according to their convinent. please stop doing this.",1,2026-07-20 14:19:51,1
62f65405-d6ce-4b40-8f0e-55858647898a,"Tell me one thing, how can you charge for service without providing any service? I heard so much about Urbanclap company but the service is so bad, they took unnecessary money and did not do any work when they know that the item is faulty, the compressor is faulty, why did they charge for the service charge of the refrigerator? I told them at that time that it is okay, I do not want to get it done from you, still you people charged the service charge. wrost service",1,2026-07-20 14:17:39,1
db4f05bf-b808-4830-8a39-38c50fdf2f9d,worst customer support as there is no support team. only chat bot. I'll give only 0 rating.,1,2026-07-20 14:16:42,1
9c911f12-f9c1-4067-8f1e-4ceea7c49aa0,very bad system,1,2026-07-20 14:08:15,1
0ee0672d-56e2-4cdf-8bc6-ea51a2942e35,30 min service should be available. partner is not willing to do toilet cleaning is it our of scop charges are increasing for the sane amount of work.,4,2026-07-20 13:14:17,0
f9996ecc-bb2d-4598-b590-f709fc364921,"No broker and freelancer AC service companies provide much better services. Urban company's primary focus is money making, and not quality service delivery example - I got 4 ACs serviced and a day later, water spillage started in one of the ACs. I called the technician who visited after 5-6 follow ups after 3 days. He worked on the issue with his partner and bolted like he was in a hurry. We tested the AC for a couple of hours and the issue started again, and he never picked our calls again",1,2026-07-20 12:35:08,0
9dfcbb9d-6d7d-44e9-859f-a6555ebad6f8,very bad experience .this happened with me 2 3 times same . I schedule instahelp. I can see otp and name and when time arrived they cancel your schedule and receive message sorry we will unable to fulfil your instahelp due to personal emergency.,1,2026-07-20 12:12:54,1
ce3cd4bf-2636-4c58-b3e1-1f5cf3ad6603,Recently took water purifier repair service..and this work is very professional and not taking more time to complete..overall satisfied with their service,5,2026-07-20 11:50:04,0
2e7f005b-e4b1-411c-b82b-09e4cdd2b809,Suraj was very polite and good services satisfied,5,2026-07-20 11:45:51,0
03069bf7-33e2-4085-88c1-4eb4e9c1d260,"I had bought their water purifier and it's not even 2 yrs and I am facing issues and technician visit as well they aren't making it happen , past a week I am stuck in what to do not able to use purifier, and everytime the chat is being parked and nobody responds properly",1,2026-07-20 11:36:54,0
8f0df221-bd59-4dab-bc1a-e42058562de4,"same person who is abusive, rude and does not do the work is assigned again and again to same house, despite multiple requests of not assigning that person.. even if called on help multiple times, they don't understand the customer requirements and do not provide good service",1,2026-07-20 11:36:49,1
f1648af2-c4c8-4c12-a89d-88d8e4fb7139,"The Urban Company helper was very polite, helpful, and professional. They arrived on time and completed the work efficiently. I am very happy with the service and would definitely recommend them.",5,2026-07-20 11:11:42,0
77f0b288-5903-4752-b640-cac61d04ee31,The company's new direction is retrograde. There's no increase in the coverage area. It's not expanding in to the new potential areas and not even trying. Please increase your service areas. Areas like Kalyani westbengal... Near AIIMS and Midnapure Town.,3,2026-07-20 10:50:52,1
a8e1ec1c-2083-4a02-b024-d218e1ae4972,"worst app for insta service. now they have kept new rules no hand washing, no show cleaning. it's worst",1,2026-07-20 09:28:01,0
3cc26d74-585e-4f91-a8ad-a89ba3665c6f,it's too much costly.also service is not good as we want ..,1,2026-07-20 09:18:47,0
23c353b0-633b-4f3e-9f37-26396f688d02,Scam.. total scam lots of hidden charges for my 1400 rs geyser which is 3 years old they are asking me 900 rs for rapairment....... Go with the local electrician and people they are jist into it to.make money.... Total Scam,1,2026-07-20 09:09:05,0
5209f09f-b25a-4289-a2ec-cb7d4084f4b9,pathetic app. booked insta maid and they cancelled at end moment 3 times. no alternative available. also they give slots for next day after cancellations. so if I have to get my house cleaned I'll have to wait n number of days. n being the number of tries after which I successfully get booking. their support bot is stupid and poorly written. it does not even understand the issue. it is just eager to close and ask whether it was helpful. It does nothing when told it was not.,1,2026-07-20 06:36:02,3
afe3f3b1-008a-4e63-bca3-7f8c63e069ae,"their carpenter did not drill a single hole, then showed job as complete promising that he will come later to do it, then asked me to pay 500rs extra for the work and when we denied he threatened my property manager""dekh lunga"" and UC help chat did not even bother to reply for 2 days. hopeless app. just ask you to pay 200 for estimation and their plumbers and carpenters will run away to make another 200 somewhere else scamming you",1,2026-07-20 01:37:34,0
09ee0d40-d418-4faa-810f-ab8822eb2fc9,i have a raise request to cancel the booking next day but support side i have receiving the comment as we will connect day after tomorrow really this type service and support i never saw before there is no negative rating available else i ll give negative mark never use this application only they want money not customer satisfaction,1,2026-07-19 22:40:21,0
18b4d032-89cb-40ca-9e16-bbce76887a2c,"only having worst experience with the urban, I booked the 2 AC service and geyser repair, 1 of the AC is not working after service other one again had to done from local shop, for geyser engineer visited 3 times still not able to resolve the issue and keep in mind what they show in the app and actual bill is way too different. totally disappointed.",1,2026-07-19 22:11:27,2
e01e572a-cf62-4553-b06e-4227142c2a61,"Very disappointing experience with Urban Company. The washing machine issue was only a wire cut by a rat, but the technician falsely claimed the control board had a short circuit. He barely touched the board with a soldering gun, ignored my repeated questions, and added an extra ₹1,700 to the bill. It felt like deliberate overcharging and dishonest service. Customers should verify the diagnosis before approving any repairs.",1,2026-07-19 21:58:25,0
72201fa1-bbcb-47d2-85a7-9c1e300adeee,This was my first experience with Urban company and sofa cleaning experience was really good they send professional person so we don't need to worry. At my place there was no electricity after 1/2 an hour of work but the person came in the evening and completed the work with the same efforts. Really good work keep going 👍,5,2026-07-19 21:57:59,0
85161256-53c9-4735-9802-b4d0cb4746a6,Add more offers for repeated customers.,4,2026-07-19 21:32:22,0
be7a701c-0ac8-4448-9a6f-b4039381cbba,falto ka charges lete hai aor gst ke name per lot rahy hai hidden charges bila matlab ka le rahy hai chor company hai,1,2026-07-19 21:04:38,0
dd5e2296-343e-4b96-98ad-68c2fdddf6b3,Dedicated/ thorough professional/ well mannered. Work completed on time,5,2026-07-19 20:42:23,0
0a38ddb3-6f1f-40d4-9404-820c9d049316,Exceptional Electrical Service!I had a wonderful experience with this team. They provided excellent service and demonstrated a high level of professionalism from start to finish. They were highly knowledgeable and successfully addressed all the electrical issues in my home quickly and safely. I highly recommend them to anyone looking for reliable and expert electricians!,5,2026-07-19 20:26:56,0
55e29f33-b7a2-4d65-a191-f3f86d1d64f4,very dedicated and professional,5,2026-07-19 20:17:07,0
fd442583-84bf-4cb3-9ca5-aab7f08d6e06,nice one smooth operated 😊,5,2026-07-19 20:04:57,0
8eb5d309-3a42-4415-8b81-e800d8f60e50,good Ac service App,5,2026-07-19 19:14:06,0
a273de48-9f87-44ea-8e62-238d3bd7c35a,thank you for your support UC,5,2026-07-19 19:05:32,0
4c9681a8-e14c-459b-a5a0-4ad5a9bcfdc4,shown component for services are not used by technicians. but they upload photos in their process and claim it.,3,2026-07-19 18:48:33,0
3ad98f59-d046-4c66-80be-5425359ad267,excellent service,5,2026-07-19 17:46:35,0
158a886c-a00c-4e28-b581-feb51b2f0255,if you don't provide insta help instant then why is there written insta help and so much advertising of this!! very very bad service you are giving.,1,2026-07-19 17:43:16,0
0f461f03-7a57-43da-a3e0-6532ae1f9ef1,the services have gone down drastically.there is no assurance that you will get service even paying a premium .there is no human helpline some bot gives some pre-feeded answers testing your patience . it is time to say good bye to this app .They charge premium for low quality job and send unskilled people to get the job done ..,1,2026-07-19 17:35:11,0
68f59670-c925-4b4b-a71f-6f4f9c42b621,frustrating.not able to provide service cancels booking on the scheduled day,1,2026-07-19 17:08:11,0
a267e5bc-0f98-40ff-8ff3-b9854b6b1e7d,very good cleaning by Vijeta,5,2026-07-19 16:23:55,0
d6b70fcc-2e1c-4e6c-9060-6865c089a0a1,"Excellent service, highly recommend🤩",5,2026-07-19 16:16:40,0
